Usuario,Comentarios
ozzraven,3274
coringas,3046
A_chinche_cinetico,2679
Paltamachine,2082
matydragon_20,1768
Harkoncito,1696
KangrejoMan,1541
Lopr1621,1510
Grim0508,1469
Hanneman_213,1416
Johnny1392,1412
riiott2,1409
Shot-Statement-6772,1279
proletarianpanzer,1205
ffuentesv2,1164
macana144,1158
nekoql,1139
FeanDoe,1095
Bl4nkface,1088
xascoberto,1058
MariaJoseBlanchester,1055
inviernoruso,971
SaintTomasPepe,951
All-Your-Base,917
JPZV,909
A-Wiley,894
CuyiGuaton,860
OozingPositron,851
luchoventas,843
DonPichulas34,812
Educational-Maximum3,778
ClonazepAlt,763
austrohorologium,756
guillermotor,742
sedentarybird,741
Cahums,740
Blubari,733
funeralbaloons,729
maddowizardoo,707
puduposter,705
ctuna89,680
SanFederico,675
Agente-Libre,642
shap2,636
TowerSan,623
sedapemu,616
Putotunel,608
MatvsGal17,604
bolmer,601
Degoguite-real,584
Lo_Innombrable,579
Otaninn,579
dkease,549
Solo1simio,543
Cucho-Lambretta,523
L_I_L_B_O_A_T_4_2_0,522
FinchoDS,517
fetuccini_slayer,497
aram855,495
Sheppardino,491
cafeengrano,484
sin_ese,477
dgo792,471
Wise-Medicine-2191,467
sfl_,445
MinaDawngate,440
gatoshico,439
Tigre_Obeso,426
shakaritahermandad,421
zenkeep,421
tecitoearlgray,419
BeeMovieApologist,417
AddictiveADHD,414
WhiteMeovv,403
ElweonIsekai,397
xzinik,392
leongranizo,386
Mr-Black_,382
Gatosoo,377
Kapo_de_Kiwiiii,369
Heoro-Mazgraev,367
kweenofhell,361
Tanqueavapor,360
mmmmmOrito,357
JStrahalm,357
BreakExpress420,356
Agente_del_Gobierno,356
Cabg10,353
leviatanCL,350
loica_enojada,348
Gabriel_AEROSPACE,347
FLB1,344
viruta2021,344
End_Live1640,335
Silent-Ad-4434,335
Zetsubou__666,333
pitter_patterclock,329
StrangeSemiticLatin2,324
comadre_lola,321
yogurenescabeche,321
ipurge123,318
97_mechanix,314
laquecuelga,314
Sopaipisaurio,313
Antares_de_la_Luz,312
DiegoIRR,311
EstablishmentNo5132,305
ctccl,297
Significant-Taro-601,297
una__paloma,295
marraquetaconpebre,284
DrHikovich,275
DonPirexia,273
MrTonino,271
zurizuricata,268
tazonconcafe,265
Tierrrez,261
ph1406,258
chosen_carrot,255
Shingocrates,243
CantThink_ANick,237
PanFrito,231
papuanuevaguinea,227
AkimCyPunK,220
Key_Carpenter5962,219
RandyCoxburn,215
Kleint_Aristotelicus,215
VomitingDadsCum,215
Mrquest_10293847,208
Cmcont,207
Pesebreqlo,205
chiledoesntexist,204
JuzoMegure,203
CepilloDental,201
i-love-cripi,199
moreAidsplease42,199
way2menace,197
threeManStack,197
darthdeckard,196
Milcaos,196
XJpablo,191
DieCastle,189
Miguelonchox,185
aChileanDude,184
ElmerFigueroa,184
TryHarderino,184
comoaprender,183
Cuenta64,183
chalecomono,182
NinjalaS1Player,180
flores_amarillas,178
that_lonely_bi,177
unatarde,176
mr_homerone,174
GeorgieBoyAdvance,173
Heavenlydubu,171
noff01,171
andyvc97,169
brown-guitar,169
Leitholddd,168
Metahater22,167
Potential_Peanut3907,165
BrocoLee,164
Soulless911,163
PeriRana,163
thealterlion,159
RaccoonD,158
Frohslol,153
Mod4rchive,153
ken2y,152
iloveseries_,151
bopboph,151
MCRS-Sabre,149
HansWolken,148
Tarbolinx,148
Ktion,147
6d656c6c6f,147
Ruganko,146
GinTonicWithCucumber,146
yaiay,145
kurob4,142
inteligenteperoweon,141
atunmayo,139
jipjapjup,137
felagaund,137
chanchoextremo,136
nevados_de_chillan,135
blackbunny09,134
Pudutr0n,132
juanuchoo,132
International_Ad7264,132
ReadySteadyGoA,132
Opazo-cl,131
InfinityRoundCycle,129
serastronomical,128
agitazione,128
huachah1sterica,127
notquiteteemo,125
pierdesporfumar,124
skibo_,122
admiral7311,122
Fidozip,121
Nairiy,120
Lobsterun,119
fukami-rose,118
malafar,117
Joze525,115
_donnadie_,112
leaf-house,112
Edgefish,109
sirenel,109
pan_con_queso_gouda,109
60nz,108
aprenderanadar,108
BufferUnderpants,107
Franreyesalcain,107
Patoqta,107
andresmlna,106
ElSydBarrett,106
PaltaDoctor,106
ElFlaco2,106
kardashev,106
Inadaptadite,105
Yennefer1991,105
porfiacontilde,103
Azzaeta,102
gidive,102
Radratrad,102
terba123,102
Aliwen_,100
Shalashqska,100
Luck_Is_My_Talent,98
ProximoPresidente,97
No-Supermarket-1312,96
userN191892,96
luxrayo,96
Andi_Jones,95
HombreContrafactual,95
BeWolk,94
ghostman20,94
sebakjal,94
Lain_u,94
bob_patino,94
naxomaster,93
Contertulio,92
charlybadulaque,91
creativityNAME,91
Cl_z0mb1e,89
SeptemFan,89
Glittering_Pumpkin24,89
symras,89
ClotpolesAndWarlocks,89
SLS-Dagger,88
cookie_addicted,87
ruberon,87
AutonomieSV,87
emp_sisterfister,87
kingdraven,87
Nefernetka,87
NiaMPL,86
euhna,85
murloc_reporonga,84
AtunEnLomitos,84
LagartoJuansho,83
PizzaAstronaut,82
StatisticianLivid555,81
Usuarioundostres,81
nadaparacomer,80
Encrypted-Doggo,80
LittlePhillyOne,80
abcderata,80
Massive_Implement_53,79
ferando855,79
ConsciousPain9,79
Txstage,78
beswervie,77
Manomana-cl,77
Javonetor,77
comoagarretantovuelo,77
MoabChile,76
slaucsap,75
Arse_Nicko,75
Desprolijo,74
EllaFueMalaConmigo,74
HolyMollywacamole,73
BilleteDe5lucas,71
0x00cl,71
Acrobatic-Artist9730,70
ImaRipeavocado,70
Razorlines,67
TremendoAfro,67
paposky,67
bizarref00l,67
_first_world_trash_,67
Aluneth_,66
Kaminoan,65
ph21,65
RaulFigueroa_bot,65
Giorno-kun,65
ivan_xd,64
Accomplished-Job-604,64
Choice__Technician,64
ponganelrapulento,64
agnostic_ent,63
Renard__Noir,63
kumo_tea,63
lolochicle3,63
RNGesus_cultist,62
freckledbody,61
WhoKnowsWhatMatters,60
JoshuaHipnos,60
Gonpachiro-,60
XellosWizz,60
undergroundbynature,59
Charlotte_Vincent,59
allhailpalta,59
nabets3,59
motesinhuesillo,59
nikohuerta,59
soelita,58
KingFenrir,58
Bman1465,57
Spirited_Profile8571,56
Green-Cucumber-2232,56
Conjo_,56
javier_aeoa,56
Iwannastoprn,56
Aviskr,56
Immediate-Ad4411,55
puramentira,55
N4x00,55
Aggressive_Sweet1417,54
ronconcoca,52
camilincamilero,52
quenchy-cactus-juice,51
WavyHairedPenguin,51
LoncoGomez,51
Khaeliz,51
Tuna_Melt_Sandwich,51
Hormoaningg,51
matuu_,51
Chiefrockacl,51
Juanin_elPinfloi,51
hazweio,50
kontemplador,50
liceo-municipal,50
Sopapiglobo_ng,49
Replicant_Nexus8,49
NeverOriginal123,49
TMCamilo,49
Eiol01,49
rChileRandomBot,49
Intelligent-Kiwi1147,49
leamd,48
NNorAl,48
Tecnocazuela,48
masfruta,48
Additional_Top7348,48
chkdsk_7,47
RabidGuillotine,47
Ambiguedades,47
il_Nenek,47
3v1lrob07,46
Carlangas3,46
kamikazewam,46
lowestElo,46
VitoDeLarge,46
StandNenUser,46
copitamenstrual,46
CLobo,46
Maur0,45
okelay,45
Andry_18,45
FMSquotes,44
TheOshunOxtra,44
kaybedumbaf,44
Nemesis2299,44
sayer00,44
drlcmaster,43
allkingsaredead,42
YellingHummus,42
friedeggforbreakfast,42
heroeNK25,42
TioAngustia,42
A-niWare,42
Shapaam,42
QultrosSanhattan,41
canthinkone,41
random1-8,41
skancerous,41
Aleshiro,41
Paulol1,40
HirumaBSK,40
hombrx,40
kooparefugee,40
ElSobe,40
nafflex,40
Lihnista,39
NoMeEncuentro,39
GrowDragMat,39
julian_flores,38
aleliu,38
BorderLove89,38
pamparapampam,38
AnyResponsibility2,38
pipexclon,37
DontKnowHowToEnglish,37
Neither-Raise,37
Quetetris,37
Thc500,37
Xaerin,37
sg_pimienta,37
extremx23,37
FrivolousCandle,37
LZV590,36
koshalluyo,36
Mr_Ganger,36
Stock_Ad_,36
palmreldritch,36
Fine-Advantage5693,36
FrugeleDealer,35
verycrafty,35
cammilo96,35
anemo-ne,35
_Delain_,35
tatemblando,35
Gudrobilk,34
ElMage21,34
torkepasa,34
JVicu,34
KigalnGin,34
mayocaserarica,33
AlexandraProudhon,33
ikrish,33
rhapsowacho,33
fuchow,33
Mari_Chiweu,33
Nach128,32
thelilpin,32
888ecoP,32
FitPrune5579,32
rompementes,32
JokefuT,32
Sirenitururu,31
LaoPita,31
blindmodz,31
RMardonesQ,31
Elchalecodelana,31
Wallmapuball,31
krepts33,31
zimmerxp,31
LaNacha23,31
musicatito,31
Roblox_Pro_Player,31
__gonzalof,31
te_con_jengibre,30
georgeontrails,30
calamicas,29
tanidani6,29
Vichox,29
Towrp,29
TsubasaIre,29
TheSeaSiren,29
quierouncigarro,29
Vrenks,28
JesusLovesAvocado,28
Alonsuro,28
SonKaiser,28
Maite25,28
RRRPablo,28
---___________----,28
SonMauri,28
CreazySapete,28
cafe_filtrado,28
mahinostroza,28
Brilliant-Juice,28
corderituwu,28
_calicocats,27
PhD_Katja,27
Bhors,27
Rooftop_marraqueta,27
Kondor0,27
ecdysis063,27
Raingaze,27
tresclow,27
Josema94,27
SholOne,26
Cottorums,26
pecerre,26
ReverseCaptioningBot,26
koopcl,26
truth_sentinell,26
DonMakafi,26
Shixelshit,26
Seguz,26
amada_x_los_dioses,26
nentrist,26
yelo2,26
oliverfreq,26
MutedMime05,26
CrisArmy,25
Scary_Troopers_501,25
wholesomecrip,25
lizardman1996,25
Your321,25
Inevitable_Lopsided,25
FullSatisfaction6359,25
kaleidoscopic--mind,24
Hiklos,24
hoseinnasr,24
renewedanarchist,24
Scaragoth,24
Insania2014,24
Last-Post6677,24
kcxlife,24
Zrakk,24
crazypigment,24
FatFingerHelperBot,23
hayunamoscaenmipieza,23
Drunken_123,23
MercyMain04,23
1125101141815010995,23
Zeroxus,23
Vim_owlcat,23
ah-squalo,23
PlasticGecko,23
vdaiep,23
ichox,23
lapochek,23
capmanaz,23
inntake,23
Geddoe_,22
Pheraly,22
Alert-Equivalent1392,22
WhoIsTomodachi,22
edo_asc,22
Nachho,22
maxt0m,22
chacity,22
ElBlauiElGroc,22
elfakerdpuente,22
George_DelaSelva,22
NoSoyUn_Robot,22
Talgoporta,22
pudu127,22
lulaloops,22
nawalrage,22
CMuenzen,22
SrHuev0n,22
Mononen12,22
CheapNet9683,22
leche-dsps-cereal,22
Dogo-cat,22
TheJFGB93,21
riczan,21
Kambrica,21
lamaisondieu,21
Sancolun,21
PainterPrestigious,21
nabetsEz,21
n0cturnal4nimal,21
Ayax28,21
MausMaus1,21
Ojosrojosxsiempre,21
JKrand,21
Wing_Excellent,21
NASV-19,21
Papaya_Baobab,20
2572tokio,20
Nice-Distribution526,20
SnooCauliflowers7746,20
MellaDios,20
Jesus-Nerd,20
Thick-Bit2,20
Realistic_Ad_2493,20
11_16,20
Permanent__Waves,20
gicatalan,20
Pure_1m4ginati0n,20
Mediocre_Drive5761,20
Fun-Moose-4676,20
No-Reading-7395,20
Stanowu,20
Albertonity,19
Puzzleheaded_Tutor_1,19
Mitad_Mapache,19
javier23,19
flyingdoggos,19
zafrada,19
sebaniko93,19
Tiny-Cartographer-36,19
LordVelaryon,19
cimocw,19
claudioefi,19
synthwaves8899,19
lynternaverde,19
jungkooksalt,19
Zimtquai,19
Crisss_256,19
rbbx_,19
AccomplishedWinner45,19
NegociacionColectiva,19
Euclid_Class_Object,18
Apprehensive-Shop471,18
Hnk-Kenshiro,18
Perrosmica,18
spirotetramat2,18
wof759,18
Fighterdoken33,18
DramatiCCc13,18
Ludioj,18
TheMoverOfPlanets,17
FaithlessnessDry1839,17
Kazewe,17
MB_CC_Manx,17
deandotcom,17
DDMendoza95,17
sr_manumes,17
random_username_55,17
WebitoCrudoo,17
Sealra_,17
RPND,17
SkyFoo,17
PratiKo,17
Golums5,17
SpringRice,17
brightstupideyes,17
vixsji,17
cogollento,17
PM_ME_NEOLIB_POLICY,16
tomgz78,16
Random_182f2565,16
Javawi,16
penalanulado,16
AmputatorBot,16
bluedream_miriel,16
ElRussian,16
moriohcitizen8,16
Matiespinosap,16
makzk,16
Garrek999,16
SASORl,16
disamachadwick69,16
posser-cinephile,16
TheRealDogMan,16
polloillo,16
MCTripio,16
ThirdPartyAPI,15
kei2000,15
Albatrodelejos,15
nimunozo,15
Crisss30,15
sweetiekitten,15
Saturnine67,15
nejok,15
Cikkicic19,15
Giuseppe_Stallini,15
Megademoidz,15
Thedarkpersona,15
golondrina_goroshova,15
Felipe1998,15
trash_smoke,15
Kimosaurus,15
International-Tree19,15
Sujeto_Promedio,15
Anibe,15
nashoramosxd,15
Reyske,15
RemindMeBot,14
A_espa,14
Narki51,14
kadriko05,14
Perriwashi,14
cyansun,14
jamr1015,14
ElevenCupsOfTea,14
Jamed94,14
Queraltoyo,14
skzoholic,14
paxonsiwi,14
Saiko_uwu,14
oakjf,14
nut_your_butt,14
ByGib,14
Kiefer__,14
kassi0peia,14
Fast_Baseball_5431,14
ElSeaCL,14
51010R,14
onemore_thanother,14
JaqenStark,14
PrimaryWind5363,14
Skulltcarretilla,13
Sopripoi,13
AverageEdgyMemeBoy,13
Zero_to_the_left,13
rochops,13
AxelLAG,13
Superb-Flow-7639,13
ChiporrinATR,13
aecioghost,13
Infamous-Vegetable27,13
didiboy,13
d8354af7,13
chicomigrana7,13
ElPabloHablo,13
Eigors,13
Innocent_starter,12
Updooting_on_New,12
IceLovey,12
Edofate,12
Didokong,12
Ab_DG,12
ABuddhistMelomaniac,12
Broscience_,12
Panzer1892,12
n1cj,12
Suffocated-Soul-,12
KIrbyKarby,12
nacho_s,12
davishox,12
Adolema,12
aldospf,12
Osnola,12
_Villaintina_,12
dokak,12
Sunao_ni,12
CoffeehasSentience,12
NoisiN,12
Stunning-Mistake6612,12
Sakura285,12
Mortryx,12
RockyHeart,12
esplasmosico51,12
hixibu,12
OpportunityEast7774,12
VomitingCumPhD,12
TrippaSeca,11
entwistle_ox,11
cbravom,11
use_less_human,11
Wskar,11
KhamulXIX,11
Gordohediondo,11
Star_Vs_Las_FFEE,11
LeylandTiger,11
Pblsky_la_eminencia,11
TuIaBocaAncha,11
Boziik,11
Cascbondree,11
iKloxx,11
ToastedPablito,11
Agestidiros,11
nagablue,11
Goltana,11
maxo_6910,11
mel1chan,11
bi_game,11
Asmatic0,11
certifiedddddd,11
franzcoz,11
triste_seller,11
N0t_Undead,11
Dual-ll,11
IronStrange7,11
patonieto,11
Fantastic_Salary_349,11
PM_UR_AHEGAO_SELFIE,11
Daeveed,11
kassasdelrey,11
manuel_gg,11
CloudyTime,11
ThatUsernameIsNaked,10
TukamiD,10
P-Pablo,10
RecommendationOdd551,10
birdie420fgt,10
Maitasun,10
traegario,10
yoshingui,10
camilosk8er,10
kabukiza00,10
maticl,10
srchincha,10
fsimperial,10
helicoidea,10
zet_one,10
ch3l4s,10
Long_Stress_8018,10
ketiapina,10
Pumpking92,10
WikiSummarizerBot,10
feilite,10
jokergato,10
HeaTxTM,10
Aromatic_Abroad_5887,10
anibia,10
diucapitan,10
Desid1a,10
how-about-maybe,10
Stewe07,10
Locoql,9
Chilean_Bocchi,9
cochayuyos,9
Benja0711,9
Hi_Im_Guty,9
Fumobix,9
sneakpeekbot,9
kraysak,9
Apprehensive_Ship701,9
Lonely-Object-8620,9
anodien,9
ValDijkstra,9
usuariopromedio333,9
Stock_Fruit,9
Kukamongo,9
verlorengeist,9
KaworuChileno,9
RainbowCollapse,9
Nazorth,9
Beginning-Cress8992,9
Jocta,9
Hunterfox35,9
DivNihil,9
Don_Felipes,9
ilekin,9
tun1342,9
SrSopaipillas,9
Neuquenido,9
seuramon,9
79BEEVL,9
Lemon_pie_u,9
alvarorc1,9
ReplacementBest5971,9
Sarandalawask,9
Bakeneko04,9
Xorcust,9
martin_gonz7,9
Sureno_cl,8
Ali_Abril,8
PervMd,8
Franktuk,8
No-Measurement-397,8
b45714n,8
ChilePaisDeLadrones,8
ganinipa,8
Far-River3771,8
FuckGCL,8
midioca,8
Contecho,8
r-o-r-o-n-o-a,8
tellmiraclenotsaint,8
Fun_Conversation5325,8
JokeercL,8
ahueonao,8
OuyiiDEXX,8
11claudiaAM,8
Baljeet89325,8
Baltiadicto,8
OhHeyMark_,8
MarraquetaStyle,8
0scarface,8
coolnicknamehere,8
maxiloff,8
Responsible_Ad258,8
Cabeza-de-bolo,8
Beetle_05,8
GUILLERMOII,8
soytuneopet,8
Rakzien,8
ddrojass,8
Funaki---,8
Temeos23,8
raakkvkov,8
PienNoises,8
kiltrogordito,8
PSJoke,8
Andruwsnoww,8
Lamemelonlol,8
Illustrious-Ad3170,7
sfitdhomlatcg,7
deficient_opsec,7
guesswhowhere,7
kameluca,7
Francisco_Ojeda,7
ElTioEnderMk1,7
vodgsen,7
thatomtom,7
LemonFrugele,7
despersonal,7
Saiwon03,7
peronohaypolillas,7
PabloSegoviaB,7
pepiemi,7
Electrical-Hyena2313,7
Svaatu,7
chrissoso,7
Blackstar2020,7
Mr_Campechano,7
ziggy_the_starman,7
Xamthos,7
EstablishmentSpare46,7
BouncingPenguin,7
Golden_sun_fan,7
Algorhythmics,7
Gabo2oo,7
Ocioso327,7
chemelg94,7
kempineapple,7
unhappyasdguy,7
RurciMojas,7
mistico-s,7
Del_Palbus,7
SpacialUser,7
narkov24,7
Canti_and_leiven,7
_reverse_noraa_,7
Emerald_Seal,7
nuevacuentaalt,7
PercutorViril,7
ronald200021,7
Chilean_bugsecks,7
sopapoplex54,7
DragonPapaFrita,7
TanksInRampage,7
Sombra_Griss,7
Mainfric,7
imunderhousearrest,7
nosequeponeraka,7
chalodesune,7
Omlesss,7
UgaTEC,7
Usual_Writing3440,7
Plane-Sheepherder571,7
DavidEagle27,7
xKail,7
seven_cl,7
sndestroy,7
lilopedreros,7
realidadg,6
Wokiwoki5,6
estoyenlab,6
Satanas_Subtropical,6
jvleminc,6
alejandro365,6
MrGuantesillo,6
lonely_ampharos,6
marilowee,6
AdExisting6056,6
LudeusGreyrat,6
nostalgium0,6
Comentari,6
Jtv0899,6
Dairunt,6
AwesomeDuck28,6
mequierocortarlatula,6
LophophoraIV,6
Peroroncino-sama,6
By_you_im_sad,6
Chuchuca,6
abeja-maligna,6
msnjuegos,6
dxdtraptor,6
belariard,6
JuanjiSempai,6
Proteuss2585,6
slayadude,6
barelyillegirl,6
No-Use-3991,6
ArielScync,6
chonfel32,6
antidepressant004,6
Cafeinetosurvive,6
punker25,6
Noobvak,6
Golden_Alchemy,6
ulrish,6
limonadaviajera,6
Larva_Astral,6
Murky-Expression6455,6
NioZero,6
Daph___,6
Sevaaas1,6
LordAsdf,6
jutrozo,6
weono,6
ppileta,6
Superb-Bus-2709,6
MMD_3312,6
mushhrgee,6
Psytan,6
DonMaks97,6
happy_cake96,6
inksquid256,6
YogurtDry2396,6
RichiardoCL,6
al_ac,6
andreuus94,6
needsmoarbokeh,6
sacran14,6
pieroywea,6
Guards_of_magog,6
BerenjenaKunada,6
Ovejilla,6
AccomplishedSolid702,6
Manzananuez,6
Similar35P,6
le-reservoir,6
RoIgn92,6
Gloomy-Clothes587,6
benjarp,6
Suspicious_Aerie1234,6
lepermessiah00,6
Fenris_Ulv,6
Lezotecnia,6
TheBalloonMaker,6
Gustaven-hungan,6
StrikeKey101,6
Delirium_Cap,5
La_Jo,5
Oveja-Negra,5
Mister_Avocado2412,5
qsmpm,5
elmernauta,5
DjCanalex,5
nothing_personal_fam,5
man7asa,5
elmati3,5
Chileno_Maricon,5
highgood399,5
SthrnCrss,5
cupriferus,5
omar0280,5
AntrozCL,5
ING_Chile,5
afhenriq,5
blastgal,5
cesch20,5
Stolone1,5
wndelpdf,5
blake-D29cl,5
Vee_Chocolate_69,5
Lacayus,5
Efficientcakeboss,5
Etsumari,5
atenux,5
JuanSoto2022,5
roguecit,5
radriazo,5
vicetexin1,5
fuzrabitt,5
Altruistic-Poetry-83,5
Arthas0,5
GodlikeCat,5
Soft_Assist_2039,5
yesoh1,5
mayoman_PH9,5
Radaistarion,5
rociodevil,5
Roboragi,5
mulhollandrive,5
KidTFT,5
Neko_Shogun,5
CVAsba,5
Diegoskyy,5
Huairavo,5
ChungungoFractal,5
ShinobuYamato,5
Tresangor,5
fkngdprss,5
DoctorPhil420,5
dankest_one,5
T1student,5
LordOrlouge,5
makeit_tillyoufakeit,5
matrixhm,5
Charles87k,5
Arnold-Shortman,5
Sire_Faux,5
sheep_in_a_box,5
ReddTea,5
Charkykan,5
Felix5fps,5
Haadv,5
TioNuezNi,5
lfaire,5
kiugen,5
alemoyas,5
imkrut,5
Rayss512,5
nonoen72,5
luckypudu,5
Chilean_Chargaff,5
DalasParker,5
chatranislost,5
klatz11,5
josias300,5
arroz-chaufan,5
RussoCrow,5
Loud-Vegetable-590,5
Bannedfromplebbit,5
Gardius,5
Blaustriker,5
JackMercerR,5
Manuu8192,5
DaDizzy,5
Thr0w_4w4n0n,5
Zilenox_cl,5
Nanenina,5
Upset-Confusion6717,5
alaperse,5
eowynTA3019,5
DartVanZiegfeld,5
Bazerosi,5
Maruruu,5
ramaklai,5
yummycheesecake_,5
hijadeperra,5
MathematicianNext711,5
girasolarcoiris,5
Finalmee,5
zanenuss,5
Mike_L1toris,5
Nibsdamn,5
notworth_it,5
javim59,5
Acto_Zero,4
Chihayafuruco,4
DrashkyGolbez,4
nxamaya,4
LittleKurwa,4
IdDKimBored,4
coderch123,4
Hoscer,4
MisterLupov,4
Free-Raisin-4981,4
HaveANiceLife111,4
ConfusedHommo,4
blz07,4
jclinares,4
MainlanderFeel,4
LuckyNumber-Bot,4
Educational_News_479,4
eustreSSD,4
estebesz,4
VicentRS,4
zokernet,4
Noetomysebriosus,4
Bassel6254,4
NinoGunZz,4
Karlles,4
Far_Instruction_7362,4
Late_Value_9138,4
monkblues,4
Bubbly_Pie_719,4
IdiotGamer99,4
Tue-Tue,4
Rark00,4
LyricsBroh,4
Sewaz,4
RTerrarius2008,4
BrilliantFoot,4
QuietPhilosophy8013,4
RisingSunsetParadox,4
gusta_cl,4
falaheejack,4
SopaipaConPebre,4
Bumbazo,4
Paul_ps77,4
jose-cl,4
StructureFormer,4
Blundom,4
Akolinjo9879,4
Opposite-Shoulder260,4
MCumiann,4
topexG35,4
Elin_Tsuki,4
J1618,4
rotritron-,4
Felaipes,4
Metropolitan_penguin,4
Bujeronero,4
Antique_Media2319,4
blind-as-fuck,4
PolariusG36,4
svw_,4
ChilenoDepresivo,4
PrChewii,4
Key-Fee1886,4
Ulisesdemostenes,4
Pathos_MC,4
HTTime,4
lalan49,4
Aoozzz,4
Noctaic0,4
bufarreti,4
mapinoche,4
aph0tic_,4
Gov0712,4
Expert_Measurement_9,4
dieego98,4
jgalazg,4
mateoinc,4
n0vylif3,4
SimpDeGothMikasa,4
piero0912,4
tinystranger,4
ChoroGuarda,4
altdelsur,4
thopperhopper,4
ride_si_sapis,4
royalme1,4
RealCainBlackflag,4
dpv20,4
MrDorvax,4
MrAlester,4
its-nowhere,4
RipperUS1X,4
arrozconhuevoytomate,4
WHO_IS_3R,4
nubepeluda,4
Mezgal,4
__D4ni3l_,4
Sea-Sink7542,4
drog27,4
_Patogeno_,4
_Vespasian_,4
Black_caat,4
Legal_Wasabi_813,4
G4130,4
Sea_Comparison3089,4
ConfidentlyNotABot,4
Veroec,4
Ruin-Delicious,4
millvaa,4
Trip_Away,4
Winterxdude,4
Miserable-Ad4529,4
Aro769,4
sl07h1,4
Theiniels,4
Sinejo,4
AdudeFromCL,4
NekroBoy99,4
iMakeEstusFlasks4Fun,4
Azenzii97,4
SnooPredilections510,4
SopaipaConMostaza,4
syckness_HD,4
Hawkjavier,4
PlasticContact2137,4
HesThunderstorms,4
9cHa3_Coffee,4
nieraldo,4
Connect-Bug9530,4
cokomairena,4
longanizaconpebre,4
Urqueh,4
la_king_kong,4
ministevo,4
blossomdreamer,4
Apepu,4
Designer-Rub-9483,4
Yairo_void,4
jose_l_saez,4
noBotHereDude,4
deportadoensiberia,4
Belu_illustration,4
LineContent1364,4
nekonekonomi,4
Worried-Courage3737,4
TransitionOk8608,4
GeezBones,4
Mycenyan,4
Laki-tu,4
folkcosmic,4
LaOreoNostra,3
AutisticMoai,3
bloodybastard1,3
PatricioDonald,3
ElMichaelScott,3
wiltedpleasure,3
LunarrCat,3
annonypenguin,3
FinalFooWalk,3
Odegros,3
kaysequieremorir,3
MitzioxD,3
Front-Concept-9441,3
PhewCucho,3
imindfreak,3
Impressive_Drink5003,3
Jebuselpoderoso,3
No_Elevator_8936,3
DullAndWitlessBoy,3
hottu_dogu,3
brioners,3
CorvusX_,3
Theraugh,3
vvvpqsw,3
Pologlet,3
hamsrat,3
AVKetro,3
ChampionshipLost3358,3
e_hekuta,3
ibeus93,3
Undonemito,3
Macrofita,3
LukasDelCampoChilote,3
Cthulhukiin,3
deag34960,3
Mitsnut,3
Necrodazkowicz,3
dogwithbeer,3
NiCorvus,3
AxonDixon,3
Elfe_lipito,3
Dry_Holiday561,3
evidentementelargo,3
mr_snk,3
mr_quest10293847,3
Cazusin,3
Telasoss,3
SignalIntroduction68,3
SubstantialAd263,3
Tiny_Flan8271,3
_reptilian_,3
DiePanzerCommie,3
Biomorbosis,3
Independent-Device80,3
ParritaUwU,3
paranoicoql,3
Trolencionose,3
LorzOne-29,3
angryboi,3
PaleontologistOk2974,3
jadijjj,3
matmena,3
kerikazonladrogah,3
Leather-Rebel-,3
Garlic_boi1,3
DinosapienDeChile,3
Jscftn,3
Skirnks,3
idkyeep,3
Marraqueta_Fria,3
Remarkable-Being-986,3
rvenegash,3
Felka_omg,3
melolaylo,3
Cold-Every,3
gamerchileno,3
ky2k,3
Ok_Cauliflower8294,3
DeepVioletS,3
Nancock,3
KillerMitoc,3
m-molina-s,3
AlexSkull,3
itourith,3
Dantexor_1021,3
El_Dandy758,3
clizana,3
Pankekeqlao,3
DryTrippa,3
Opocho21,3
fathermocker,3
NobodyTheFish,3
tepo-tepo,3
Affectionate_Will471,3
Emotional_Physics_25,3
salvador_232,3
High_Hopes_PinkFloyd,3
Valenchela,3
rdfalcone,3
emotionless_3gp,3
nonominx,3
Aggressive-Dig-7906,3
mclannee,3
FieldOk5144,3
soulneo,3
Lord_Garriduck,3
emybadwolf,3
MundaneYoghurt,3
beraka,3
jjaracanales,3
RaddVG,3
Wowadog,3
Tom_Strudel,3
elmangoaco,3
gamobot,3
Apple_Pie_X,3
Franzkier,3
Kriger369,3
panda_piromano,3
ronnygiga,3
duna_cl,3
lord_guango,3
Ariigatto,3
PanquequesConNueces,3
rata_dad,3
Guzz5,3
princesarata,3
IWinULose74,3
No_Designer_6732,3
magallanes2010,3
neko___dmc,3
haikusbot,3
One-Box8025,3
repkomodo,3
Qpasalarba,3
CitizenReus,3
Honeysweet666,3
Oformen,3
penialito,3
de4th1nside,3
onlyathrowawaydude,3
Vchinn_,3
Low-Professional-877,3
Psychological_Bar803,3
VoidFroid,3
talkaone,3
Fulcrum-5,3
ravec4,3
danielfuentes89,3
Good_Somewhere2283,3
FabifromCali,3
babylon68,3
Axxyw,3
PepeluchoExplorador,3
Karrnel,3
Pameliwis,3
Pia_moo,3
PapayaSonic,3
DrRodo,3
ConondrumDeTitanita,3
wenaHermanoTeniGamba,3
tri__dimensional,3
Royal_Pop_1712,3
corneliagoth,3
Sebitor,3
Reibaxs,3
fixmycode,3
Original-Original-60,3
NoEchoes,3
No_Transition8976,3
TheWrongSudoku,3
Opinel06,3
ferna8,3
GroundbreakingAd8389,3
spidercrabs,3
Quickstance,3
NoEntertainment4442,3
ChileanGal,3
CourageTheDoggo,3
siquinte1,3
cognitux,3
BrightnessDay,3
0Max00,3
KryzHukdhs,3
CaptainRicOlie,2
Ok_Refrigerator1433,2
hcarrasko,2
stubborn-koala,2
maiagang,2
sooperdestrooper,2
BabyGuinevere,2
NY38,2
fernixo22,2
fokthepencil,2
WeonRandom,2
TBeauty_,2
biztor,2
space_enthusiast43,2
dumineitor,2
Juanfra21,2
paz_88,2
yarpun_riastrad,2
bastardnutter,2
dupsiete,2
Burnwood24,2
frenchfries_lover,2
Wise_Share_1584,2
sinanjuUC,2
HomieJuanKenovy,2
vulpecula_anser,2
Topabli,2
Olivos_mark,2
Snoo_89193,2
Mischungg,2
OkPanic8145,2
Professional-Top-366,2
p4b10r,2
Specialist_Light3921,2
weaweonaaweonao,2
DTNMVA,2
FuchsiaPalette,2
ab12848,2
No-Sprinkles-7868,2
SnooW2,2
dabt92,2
redohottochiripeppa,2
Sir_Bastion,2
jorgelobos,2
guaripolo1560,2
colafriaenmiuretra,2
MatriarchAlith,2
Square_World_9470,2
arknite-cl,2
josilioo,2
Spartanga117,2
DonWolFin,2
r1peralta,2
addiepage,2
Proof-Flan6500,2
cgd96,2
galleta_303,2
SFF_Robot,2
Character-Tomorrow34,2
WaitingToBeTriggered,2
Milvagos,2
P4BLoX,2
kayifuss,2
Nicodemus_Nikolai,2
dorinacho,2
fragmentss_kek,2
Darkhrono,2
SoulsLikeBot,2
ParateEddie,2
XANDER-90,2
Tonight_Vast,2
Redoxone,2
DinoSpumoni93,2
Phoenix_667,2
MattJah,2
mtfkike,2
PiLoN9,2
Danny3DA,2
Lystroman,2
teahupoo88,2
crazykant,2
xElMerYx,2
Wayakil,2
gatip0sa,2
Xear11,2
Mfernandezn,2
septo2000,2
MagnolioBlanco,2
tio_pene,2
_kurko_,2
fat_cannon,2
HellenicViking,2
the_queen_manatee,2
juancprieto,2
Xelly2020,2
fondantbaby,2
percyxpig,2
elsrda,2
Lorluh,2
ArtoriasChileno,2
Ireromar,2
DonPebas,2
Kirbybetter,2
arteeuphoria,2
JanoJano-96,2
ChiloteG,2
iaros,2
Ashkrow,2
Laggartija,2
MattPatrick51,2
DaekyOne,2
matislash,2
vacaslocas,2
same_subreddit_bot,2
BlueBell_02,2
Pastelillo1,2
supera8y,2
Chance-Wealth9339,2
TheoDW,2
figue101,2
zknxd,2
Ok_Structure_1465,2
newdaysallmylife,2
sudamerican,2
Deep_Astronomer1313,2
clbustos,2
Ashamed-Fill1493,2
Sombraincognita,2
Zerepotaner,2
Perceval_CL,2
Donluuis,2
JushmineM,2
gats1212,2
DudeWatafak,2
Whyyygsus,2
ausence2,2
Temporary_Author_386,2
otra_vez_no,2
Hydrated_Guy,2
Ptersen,2
PitifulWallaby9381,2
starktreknerd,2
ExchangeRadiant4620,2
NachoMimiCami,2
Mdusstt,2
voltg,2
Mylford,2
waatoh,2
ZnaeW,2
MammothIntention4535,2
Kitsune-Ninetails-9,2
Rogarhel,2
NightAntonino,2
naviggez,2
kkkiiilll,2
Controlador13,2
Guaripote,2
TheEurekaEngine,2
pickausernameforme,2
Ich_bin_eine_Kartoff,2
francoivan1,2
SinhueTheChilean,2
maximumthequack,2
ac1999ac,2
sebafdez,2
Fortren,2
Diemeteus,2
Public_Inspector8576,2
Jaggerzmeister,2
andrew4d3,2
Felipe_hc,2
ratonil17,2
Javiki,2
anidem10,2
Soft_Love,2
transatlant20,2
Realistic-Cake-4353,2
DonJesusus,2
cartvlina,2
TitoDantito,2
Tchernoborgg,2
tiranousuario,2
alfredhuama,2
kaleidoscopeyeball,2
Hace-Frio,2
Notneedabody,2
emotionalandscapes,2
Toniosw,2
JamesWarlord,2
infiniteI,2
Arturinni,2
JoseSGW,2
jmvbmw,2
felipe82,2
JuanEs1eban,2
Shamaking4,2
SoG650,2
therichshow,2
Tankianman326,2
dgr99o,2
jnpblq,2
Fordhan,2
heretic_manatee,2
BloodSurgery,2
Lizard_Beans,2
space-vashoth,2
TheNothingGuy,2
white_soul28,2
Thoo0oom4s,2
mariox103,2
TwoChordsSong,2
mecargai,2
Elpesfeto98,2
raulazo_m,2
vxxm,2
calio,2
_oshee,2
Tero_from_Chile,2
misthios98,2
ean505,2
MataUwUs,2
paimon_paimon,2
TMXarmy,2
Ok_Example1082,2
Chdyv,2
dkj-,2
DosseD1,2
fnix6,2
yerkx_cg,2
Teletin,2
KaijuRex64,2
Haskmell,2
SnoopingSauce,2
Mr_Agu,2
Icy_Jury_126,2
uchb_rat,2
chettos_fan,2
gabpek,2
TrustSlow5471,2
zandorb,2
_explosivecat,2
diechess,2
AntonioVodanovic,2
botrozegui,2
Current-Classroom-21,2
archieswig,2
chelo_he,2
DustehMan,2
SeerLite,2
Old_Thief_Heaven,2
sombraconpalta,2
lightsup21,2
Calm_Function_7937,2
Emppv,2
Initial-Dog3471,2
ConsiderationNo1455,2
Crazy-Ad8567,2
nicolasdmm,2
GreenxPark,2
SomeRandomAtom,2
zirexcl,2
Dapper_Ad4448,2
_Alizica,2
paulipeach,2
Original_Anybody3985,2
nicovco,2
soulstuff_,2
--L--T--H--,2
stupidseggshoe,2
Grizzly_2198,2
edvo23,2
Specialist-Willow511,2
ArmedEnt2206,2
hugo-gg,2
ketoske,2
Objective-Parfait-12,2
drumconversation,2
altaltaltamar,2
Esteban_Dido,2
Caroponcer,2
shameaccount03,2
ananketa,2
Mrpandas1,2
Zonru,2
junetodoroki,2
Neerix01,2
gman367,2
Eco_egg_holder,2
Snoo-34066,2
chxt_nxir,2
qwertyalguien,2
Eddy-,2
New_Classroom2701,2
coolbabyblue,2
zegrek,2
boredbears19,1
29074313,1
ReyChurrasco,1
Proyeccionista,1
Zickario,1
No_Blackberry7718,1
adolfito09551,1
yogobot,1
thorshaircut,1
Complex_Historian_13,1
cartofo,1
Iperky14,1
Luberpics,1
el_hormiga1,1
knomino,1
Jos1to,1
JustAnAlpacaBot,1
0kcompu34,1
Dieg0nixx,1
Extra-Ambassador4832,1
WirkLeon,1
a-weird-universe,1
yoyoyomrwhite1,1
fakerlas,1
waurkjan,1
ebeka,1
Funaki-,1
elbigote,1
Mmmmmyocreo,1
its_me_Valentina,1
luckyarrival_,1
BirdBoyfriend,1
SimpofGOCPast,1
RatedCommentBot,1
ZargothraxDM,1
OutrageousOrdinary99,1
DonPreguntas,1
Vito_Q,1
ghost_of_dongerbot,1
FuntionX,1
Scrappyjoe89,1
LonganizaDeChillan,1
jugbandboogie,1
Javiercdx,1
Kick9assJohnson,1
meragon,1
maalfaroe,1
analworm666,1
interestwich4235,1
Forsaken_Pause_5411,1
JoJoelo,1
HawkZealousideal1386,1
Rubideon,1
Chrossc,1
Carbonothing,1
WaySafe2792,1
IJ_NavarroH,1
AnibalSerra,1
demakrante,1
ddevone,1
Set_seed,1
Rakk00n,1
Odd-Meringue4842,1
Edstructor115,1
jonyskinner,1
gabihm94,1
HombreDelSur,1
Fragrant-Ad-3284,1
SexySlowLoris,1
Jumpy-Elevator-6077,1
blind_00s,1
DazzlingAd3295,1
JeuNeKk,1
josephbyc,1
Perfect-Amount4559,1
berfito,1
winter_sleepover,1
RoseMarieBlack,1
0utk4st_,1
Horseypunch,1
ratabot3,1
D-Sefa,1
wishthemwell,1
Pleasant-Ad-3696,1
Apart-Competition487,1
acmedevida,1
Airot,1
Canelaenpolvo,1
RoyFerguz,1
Ratacuca,1
plutodod,1
c_mila,1
AlusPryde,1
Hiekensu,1
Successful_Ruin5185,1
Sepulovsky,1
paranoidandroid-96,1
vegamnska,1
SlicedAppl3,1
deadpag,1
MeLlamanAxel,1
YoPot,1
Otherwise-Eye-4805,1
rizzorice,1
KNG82,1
Masv1623,1
pagondel,1
choke_me_with_thighs,1
tere_adasme,1
niko06b,1
alme4898,1
JacksonP_,1
Terminatorgoku,1
Human-Process-1681,1
keni13,1
Haxie96,1
macjob,1
Kast2022,1
ThisVelvetGloves,1
mata_hippies_qlos,1
RuneHearth,1
StayinAl1ve,1
dudadedu,1
Au_Jaguar,1
AlexMalygris,1
kenojona,1
lumargmd,1
Armonyl,1
RoadToReality00,1
Tavomanzana,1
Tato7x,1
_rramek,1
null_safety0,1
RezaAshton,1
Fern-o_o-,1
elias_el_facho,1
MatiPhoenix,1
lubillo,1
Vestalu,1
danielll1212,1
JiuVicho,1
FacelessKhaos,1
ysatters-kajsa,1
PayRespects-Bot,1
aleetovar,1
QartHadast,1
vanjamer,1
trinides,1
cataconk,1
SebaXL,1
justchinesequeries,1
kamo_ctm,1
comap,1
PickadillosJones,1
nicobw0904,1
Completossintomate,1
juan4815,1
ElTuco84,1
ClotarioBlest_bot,1
HuinchaAisladora,1
SrEsneik,1
FroztenDroid,1
PowerWordRad,1
Gloomy-Condition-543,1
profetadeoz,1
randomix1980,1
tacnobac,1
Flaco-owo,1
sebapenao,1
mavier_,1
False-Entertainer-21,1
popin_,1
Eduxx11,1
ThaQueenBi,1
negamigal,1
chatoG,1
Awerito,1
Nuzky,1
Complete-Yesterday74,1
chiquillalesa,1
GutixReddit,1
ElEngineerGaming,1
drakesepi0l,1
Pi_mant,1
Doom_00,1
marianitajdjss,1
DickyMcTitty,1
DarkMasterCL,1
Greedy-Insurance-573,1
candado_sin_llave,1
peromiMetralletaNo,1
bknBoognish,1
cemv123,1
ShinyMilo,1
Cidragon,1
joigorbe,1
bootyconsumerrr,1
jafu53,1
Mortadela_Light,1
parawaa,1
TheCloudForest,1
Nekowo,1
gepece69,1
amnatrodriguez,1
el_dondraper,1
XzAeRosho,1
Vsand20,1
Churrosconmanjar,1
limit-less06,1
cheeseburgerX-Xboy,1
AwfullyTaken,1
Any-Level8030,1
Rukinduti,1
NamelessSheep,1
TiredEyesGuy,1
Asdf1616,1
Creepyfishmeetsyard,1
vwlsrfrdmbs,1
Fantastic-Craft-7712,1
JosGa5,1
No_Kaleidoscope_1839,1
PuduConnoisseur,1
NineFourSeven,1
nathanbriggs55,1
Public-Leader-8555,1
kuroviejo,1
reborilux,1
Isiququmadevu,1
Gadattlop,1
chaloferrada,1
AleSenda-,1
flpndrds,1
Significant_Art299,1
noyarcevil,1
hit0shi_otaku08,1
koke0,1
jjjjacckk,1
arbolitodemaqui,1
LaPulga1702,1
Silver_Fox_78,1
DarklWolf,1
Remarkable-Lion-8584,1
grandmund,1
SmoothSignal1320,1
GrapefruitSalt,1
Environmental-Body-9,1
Rislennix,1
Threeplusdog,1
salvaCN,1
LionelHutz01,1
Impeldown_,1
LuchoAlthusser,1
DaniDinosaur127,1
NG_Adm,1
crsenvy,1
mama_despelotada,1
jaaaavi_4,1
RABONO142,1
fuckyeahimhorny,1
Dry-Salamander-7001,1
1CrystalCastle,1
Loebb,1
miidni,1
ZolarCzakl1906,1
catatawea,1
JKdagan,1
Bitaobser,1
JuanchoXdiz,1
NadarEnDinero,1
LePotatok,1
DirectX12,1
Hawker_1,1
Ok-Elephant1277,1
Lala_cl,1
AReflektor,1
ratachannel123,1
onibside,1
sacowea9,1
DON_UDI,1
knselektor,1
Snoo-82312,1
mcntzm77,1
rociobelv,1
linchaotao,1
-Sben-,1
WikiMobileLinkBot,1
LucarCookie,1
ailnlv,1
stillundruhigbleiben,1
ZenTone_,1
givemeques,1
SeriousAd4,1
misterlapicito,1
Cyclo92,1
neigeh,1
Garcix,1
gaspi_100,1
twitchsopamanxx,1
Lukanight,1
Jotapreciado,1
masterlince,1
Sleepy_Eyes-,1
cojojoyan,1
Suitable_Isopod6285,1
Foxslink,1
No_Contribution_6659,1
IncompetenteMente,1
DuckDaniel,1
Knightqaq123,1
caszuela,1
archanodoid,1
Badass_Doctor,1
pyreticpeepsta,1
MatiMarchant,1
StonedDogg,1
Masuramaru,1
awadeuwu23,1
Dummy301,1
Nervous_View5696,1
WpgMBNews,1
maverickst1,1
slartibreakfast42,1
tx4vier,1
Rodolfox,1
bluelunged,1
Lottofy,1
OtherAnon_,1
lad2001,1
xris_xcess,1
weylostacos,1
Electronic-Proof1363,1
aamt90,1
BongmanSCL,1
Serkine,1
NarioMunezC,1
Manrix67,1
Paancito,1
ELGRANDOSMOK10,1
byokx,1
NotYourMeltedButter,1
Shwerr,1
elNalca,1
PM_ME_YOUR_PERROS,1
pizzzzah,1
Antony58,1
Cacaypoto,1
Master_of_Weas,1
Solid-Philosophy6260,1
shonap,1
phoenix_knight_569,1
LowerInterview9151,1
Onion-Neither,1
Ok-Market7516,1
Valtent,1
SanoPositivo,1
dberwart,1
Afrod_isa,1
AlexNobu,1
Optimal_Phone_6961,1
byequentin,1
JavierLawliet,1
MrOmegalul,1
Girldroid_K,1
supersonic_89,1
Sorry-Cobbler-8991,1
wllcfx,1
Lazy_Transition3917,1
sciflame,1
Longjumping_Paper396,1
Sad_Ad5269,1
Mystyzz,1
ZeroKast_,1
GastonRedMaster,1
JxDesu,1
Archesspect,1
kenn3dee,1
Gauhda,1
Various-Bath1408,1
Jimbito_elias,1
CashCrafty1761,1
MagoRojo,1
Bvstivvn,1
a_celeracionismo,1
Pan32Agua,1
Inokori,1
Pipekans,1
1337FFF,1
ZarosianJax,1
_lord_vader,1
cobaltwrench,1
ZzPierrot,1
chacaloftrompeta,1
Fredditor96,1
Transformice2299,1
IN3z0lds,1
M83H,1
charly_eee,1
cxursed,1
retoriplastique,1
eljavi05,1
achu744,1
Old_Rafa,1
Willing_Patience1211,1
Boring_Fisherman_352,1
soqn99,1
guqinbeats,1
ADisgustingFly,1
Zzzapallo_10,1
iTzSnakeJuice,1
Imstarboy30,1
averageChilean,1
Agreeable-Ad1751,1
paperbagdirect,1
Manniskopesten,1
FortePianoForte,1
maxtorUwU,1
Academic-Contract-18,1
Naproxenox,1
Excellent-Location10,1
Choice_Progress_4721,1
mpaguirre,1
fabrizillox,1
Dani_Danny,1
plasticmummy,1
Lvro,1
HenryDelMal,1
discorayado_,1
pepafem,1
Le_Oken,1
shamacko,1
niquitop,1
Thanos_Blender,1
BatmanAdidas,1
cegalleta,1
Jorge1246,1
soulzack,1
Weonlawea,1
PoopMcDoogan,1
Creis_Telwood,1
Lutarisco,1
sketch_fella,1
peyronet,1
Conichito,1
neko_mon,1
donhuea,1
enzi_okami,1
IdiotClown69,1
ratonaaa,1
Kradretsam,1
Elcabezadehomunculo,1
varnor1,1
Scary_10,1
East-Celebration-270,1
IngDeac,1
longa_apanada,1
ThermidorReaction,1
esunperro,1
General-Taro-6555,1
niyomeaguanto81,1
edumunozu,1
hazo22,1
Destiel31,1
dexter234669,1
GioroGiori,1
VperezC,1
sometimescaker,1
devirdrace,1
grstark,1
ayinco,1
TXRBOMANE,1
AngelSSSS,1
gkaltw,1
NoNamePK,1
TeddyCoffee,1
nbesa,1
yetad10s,1
Full_Reputation1473,1
wow_yuri,1
ya_el_wn_depresivo,1
zanbacteria,1
chrysyx,1
Altruistic-Wind8829,1
DeadCatBouncer,1
seigmafi,1
Dispersit_2,1
-karmapoint,1
achileanreddituser,1
Straight_Relation_86,1
crisss-v,1
KellionXn,1
Jemavi,1
Solitare_Leopard,1
Japsz,1
lulubumps,1
Claveler,1
ResponsibilityOk5821,1
Jealous-Hotel-4076,1
No-Psychology-8079,1
masteruk,1
